Date,Mood
2025-07-09 03:59:01,HappyğŸ˜Š
2025-07-09 03:59:11,SadğŸ˜¢
2025-07-09 03:59:16,AngryğŸ˜ 
2025-07-09 03:59:20,NeutralğŸ˜
2025-07-09 03:59:22,NeutralğŸ˜
2025-07-09 03:59:22,NeutralğŸ˜
2025-07-09 03:59:22,NeutralğŸ˜
2025-07-09 03:59:22,NeutralğŸ˜
2025-07-09 03:59:26,SadğŸ˜¢
2025-07-09 03:59:26,SadğŸ˜¢
2025-07-09 03:59:27,SadğŸ˜¢
2025-07-09 03:59:27,SadğŸ˜¢
2025-07-09 03:59:31,HappyğŸ˜Š
2025-07-09 03:59:31,HappyğŸ˜Š
2025-07-09 03:59:31,HappyğŸ˜Š
2025-07-09 03:59:31,HappyğŸ˜Š
2025-07-09 03:59:32,HappyğŸ˜Š
2025-07-09 03:59:32,HappyğŸ˜Š
2025-07-09 03:59:32,HappyğŸ˜Š
2025-07-09 03:59:32,HappyğŸ˜Š
2025-07-09 03:59:32,HappyğŸ˜Š
2025-07-09 03:59:32,HappyğŸ˜Š
2025-07-09 03:59:33,HappyğŸ˜Š
2025-07-09 03:59:33,HappyğŸ˜Š
2025-07-09 03:59:33,HappyğŸ˜Š
2025-07-09 03:59:33,HappyğŸ˜Š
2025-07-09 03:59:33,HappyğŸ˜Š
2025-07-09 03:59:33,HappyğŸ˜Š
2025-07-09 03:59:34,HappyğŸ˜Š
2025-07-09 03:59:34,HappyğŸ˜Š
2025-07-09 03:59:34,HappyğŸ˜Š
2025-07-09 03:59:34,HappyğŸ˜Š
2025-07-09 03:59:39,NeutralğŸ˜
2025-07-09 03:59:40,NeutralğŸ˜
2025-07-09 03:59:40,NeutralğŸ˜
2025-07-09 03:59:40,NeutralğŸ˜
2025-07-09 03:59:40,NeutralğŸ˜
2025-07-09 03:59:40,NeutralğŸ˜
2025-07-09 04:11:07,HappyğŸ˜Š
2025-07-09 04:11:17,SadğŸ˜¢
2025-07-09 04:11:17,SadğŸ˜¢
2025-07-09 04:11:17,SadğŸ˜¢
2025-07-09 04:11:17,SadğŸ˜¢
2025-07-09 04:11:18,SadğŸ˜¢
2025-07-09 04:11:18,SadğŸ˜¢
2025-07-09 04:11:18,SadğŸ˜¢
2025-07-09 04:11:18,SadğŸ˜¢
2025-07-09 04:11:18,SadğŸ˜¢
2025-07-09 04:11:19,SadğŸ˜¢
2025-07-09 04:11:19,SadğŸ˜¢
2025-07-09 04:11:19,SadğŸ˜¢
2025-07-09 04:11:19,SadğŸ˜¢
2025-07-09 04:11:20,SadğŸ˜¢
2025-07-09 04:11:20,SadğŸ˜¢
2025-07-09 04:11:20,SadğŸ˜¢
2025-07-09 04:11:20,SadğŸ˜¢
2025-07-09 04:11:21,SadğŸ˜¢
2025-07-09 04:11:21,SadğŸ˜¢
2025-07-09 04:11:21,SadğŸ˜¢
2025-07-09 04:11:21,SadğŸ˜¢
2025-07-09 04:11:22,SadğŸ˜¢
2025-07-09 04:11:22,SadğŸ˜¢
2025-07-09 04:11:22,SadğŸ˜¢
2025-07-09 04:11:22,SadğŸ˜¢
2025-07-09 04:11:22,SadğŸ˜¢
2025-07-09 04:11:23,SadğŸ˜¢
2025-07-09 04:11:23,SadğŸ˜¢
2025-07-09 04:11:23,SadğŸ˜¢
2025-07-09 04:11:23,SadğŸ˜¢
